[
  {
    "name": "免费分享 切勿付费购买",
    "codeID": "温馨提示: 本接口由【残月影视】维护, 请勿用于任何商业用途，仅供学习交流",
    "url": "以下来源于网络，如有冒犯请联系删除, 所有内容仅供学习使用，请勿用于违法用途",
    "version": "2025",
    "type": 200
  },
  {
    "name": "夸克 123 189 UC 网盘解析工具",
    "version": 22,
    "remark": "解析网盘工具",
    "env": "UCCookie##用于播放UC网盘视频&&UC_UT##播放视频自动获取，不可用时点击删除重新获取 cookie ，再重启app&&夸克Cookie##用于播放Quark网盘视频&&阿里Token##用于播放阿里网盘视频&&转存文件夹名称##在各网盘转存文件时使用的文件夹名称&&123网盘账号##用于播放123网盘视频&&123网盘密码##用于播放123网盘视频&&天翼网盘账号##用于播放天翼网盘视频&&天翼网盘密码##用于播放天翼网盘视频&&采集解析地址##内置两个，失效不要反馈。格式：名称1@地址1;名称2@地址2",
    "api": "panTools/js/panTools2.js",
    "type": 300
  },
  {
    "name": "UC 夸克 阿里 网盘解析工具",
    "version": 2,
    "remark": "解析网盘工具",
    "env": "UCCookie##用于播放UC网盘视频&&夸克Cookie##用于播放Quark网盘视频&&阿里Token##用于播放阿里网盘视频&&转存文件夹名称##在各网盘转存文件时使用的文件夹名称",
    "api": "panTools/js/panTools_iOS14.js",    
    "type": 300
  },
  {
    "name": "弹幕v11",
    "version": 11,
    "remark": "弹幕扩展",
    "env": "弹幕解析地址##内置4条线路 格式 地址1;地址2",
    "codeID": "4Y6DDMATfbw0Rg0Y2AOGpfmpU2cgspFf",
    "order": "A01",
    "api": "danMu/js/danMu2.txt",
    "type": 400
  },
  {
    "name": "弹幕v1",
    "version": 1,
    "order": "A02",
    "api": "danMu/js/danMu.js",
    "type": 400
  },
  {
    "name": "TvLive",
    "api": "https://ghfast.top/https://raw.githubusercontent.com/1771245847/TvBox/master/tv.txt",
    "type": 10,
    "remark": "残月直播"
  },
  {
    "name": "TvLive2",
    "api": "http://8.138.7.223/live.txt",
    "type": 10,
    "remark": "IPTV"
  },
  {
    "name": "TvLive3",
    "api": "https://live.hacks.tools/tv/iptv4.txt",
    "type": 10,
    "remark": "IPTV"
  },
  {
    "name": "猫咪影视",
    "version": 5,
    "remark": "官方采集扩展，需配合网盘解析工具使用",
    "webSite": "https://zy.xmm.hk/api.php/provide/vod/at/json",
    "order": "A",
    "api": "vod/js/cms.js",
    "type": 101
  },
  {
    "name": "绵羊影视",
    "version": 3,
    "remark": "官方采集扩展，需配合网盘解析工具使用",
    "env": "采集解析地址##内置两个，失效不要反馈 格式：名称1@地址1;名称2@地址2",
    "webSite": "https://vs.okcdn100.top/api.php/provide/vod/at/json",
    "order": "A",
    "api": "vod/js/cms2.js",
    "type": 101
  },
  {
    "name": "玩偶网盘",
    "version": 3,
    "webSite": "http://wogg.xxooo.cf",
    "api": "vod/js/wobg.js",
    "type": 101
  },
  {
    "name": "闪电网盘",
    "version": 1,
    "webSite": "http://1.95.79.193/",
    "api": "vod/js/shandian.js",
    "type": 101
  },
  {
    "name": "至臻网盘",
    "version": 4,
    "webSite": "http://www.miqk.cc",
    "order": "B",
    "api": "vod/js/zhizhen.js",
    "type": 101
  },
  {
    "name": "讴歌网盘",
    "version": 3,
    "webSite": "https://woog.nxog.eu.org",
    "api": "vod/js/ouge.js",
    "type": 101
  },
  {
    "name": "厂长影视",
    "version": 2,
    "webSite": "https://www.czzy77.com",
    "api": "vod/js/changZhang.js",
    "type": 101
  },
  {
    "name": "修罗影视",
    "version": 2,
    "webSite": "https://xl01.com.de",
    "order": "C",
    "api": "vod/js/biliys.js",
    "type": 101
  },
  {
    "name": "瓜子影视",
    "version": 2,
    "remark": "v1.6.53 及以上版本",
    "webSite": "https://api.9cec79d.com",
    "codeID": "ra5Z3wtXKshzSMK2",
    "instance": "gzapp20241001",
    "api": "vod/js/gzapp.txt",
    "type": 100
  },
  {
    "name": "奇优影视",
    "instance": "qiyou20250416",
    "webSite": "http://www.qiyoudy5.com",
    "remark": "",
    "version": "2",
    "api": "vod/js/qiyou.js",
    "type": 100
  },
  {
    "api": "https://img.smdyw.top/api.php/provide/vod",
    "name": "神马影视"
  },
  {
    "api": "https://api.ukuapi88.com/api.php/provide/vod/from/ukm3u8/at/json",
    "name": "U酷影视"
  },
  {
    "api": "https://tyyszyapi.com/api.php/provide/vod/",
    "name": "天涯影视"
  },
  {
    "api": "http://api.ffzyapi.com/api.php/provide/vod/from/ffm3u8/at/json",
    "name": "非凡影视",
    "type": 1
  },
  {
    "api": "https://360zy.com/api.php/provide/vod/from/360m3u8/at/json",
    "name": "360资源"
  },
  {
    "api": "https://www.mdzyapi.com/api.php/provide/vod/",
    "name": "魔都影视"
  },
  {
    "api": "https://m3u8.apiyhzy.com/api.php/provide/vod/?ac=list",
    "name": "樱花影视"
  },
  {
    "api": "https://api.niuniuzy.me/api.php/provide/vod/",
    "name": "牛牛影视"
  },
  {
    "api": "https://cj.yayazy.net/api.php/provide/vod/from/yym3u8/at/json",
    "name": "丫丫影视"
  },
  {
    "name": "如意影视",
    "version": 1,
    "remark": "苹果CMS自定义采集链接",
    "webSite": "https://cj.rycjapi.com/api.php/provide/vod",
    "api": "vod/js/AppleCms.js",
    "type": 101
  },
  {
    "api": "https://cjhwba.com/api.php/provide/vod/",
    "name": "华为影视",
    "type": 0
  },
  {  
    "api": "https://json.heimuer.xyz/api.php/provide/vod/",
    "name": "黑木影视",
    "type": 0
  }
]
